"","date","areaName","areaCode","newCasesByPublishDate","newDeathsByDeathDate","newAdmissions","newPeopleVaccinatedFirstDoseByPublishDate","newPeopleVaccinatedSecondDoseByPublishDate"
"1","2021-05-19","United Kingdom","K02000001",2696,NA,NA,NA,NA
"2","2021-05-18","United Kingdom","K02000001",2412,NA,NA,174100,324001
"3","2021-05-17","United Kingdom","K02000001",1979,NA,NA,106733,259049
"4","2021-05-16","United Kingdom","K02000001",1926,NA,NA,131318,183745
"5","2021-05-15","United Kingdom","K02000001",2027,NA,89,237331,391246
"6","2021-05-14","United Kingdom","K02000001",2193,NA,94,220068,393402
"7","2021-05-13","United Kingdom","K02000001",2657,NA,101,209284,428041
"8","2021-05-12","United Kingdom","K02000001",2284,NA,116,184210,452437
"9","2021-05-11","United Kingdom","K02000001",2474,NA,103,135113,350147
"10","2021-05-10","United Kingdom","K02000001",2357,NA,104,115053,231835
"11","2021-05-09","United Kingdom","K02000001",1770,NA,102,100626,187171
"12","2021-05-08","United Kingdom","K02000001",2047,NA,106,169027,438837
"13","2021-05-07","United Kingdom","K02000001",2490,NA,102,133001,465822
"14","2021-05-06","United Kingdom","K02000001",2613,NA,120,135470,473001
"15","2021-05-05","United Kingdom","K02000001",2144,NA,117,139097,404226
"16","2021-05-04","United Kingdom","K02000001",1946,NA,101,127170,257486
"17","2021-05-03","United Kingdom","K02000001",1649,NA,123,72600,127499
"18","2021-05-02","United Kingdom","K02000001",1671,NA,119,89924,172891
"19","2021-05-01","United Kingdom","K02000001",1907,NA,99,143175,372304
"20","2021-04-30","United Kingdom","K02000001",2381,NA,110,145589,421785
"21","2021-04-29","United Kingdom","K02000001",2445,NA,100,122568,491567
"22","2021-04-28","United Kingdom","K02000001",2166,NA,108,134140,462885
"23","2021-04-27","United Kingdom","K02000001",2685,NA,166,116328,379265
"24","2021-04-26","United Kingdom","K02000001",2064,NA,133,90695,304688
"25","2021-04-25","United Kingdom","K02000001",1712,NA,137,79695,260801
"26","2021-04-24","United Kingdom","K02000001",2061,NA,128,148767,547636
"27","2021-04-23","United Kingdom","K02000001",2678,NA,155,135786,465015
"28","2021-04-22","United Kingdom","K02000001",2729,NA,119,130986,431070
"29","2021-04-21","United Kingdom","K02000001",2396,NA,171,117909,416784
"30","2021-04-20","United Kingdom","K02000001",2524,NA,134,107622,350027
"31","2021-04-19","United Kingdom","K02000001",2963,NA,176,99672,273751
"32","2021-04-18","United Kingdom","K02000001",1882,NA,141,83225,221193
"33","2021-04-17","United Kingdom","K02000001",2206,NA,157,139445,499635
"34","2021-04-16","United Kingdom","K02000001",2596,NA,157,135557,499664
"35","2021-04-15","United Kingdom","K02000001",2672,NA,161,129782,417683
"36","2021-04-14","United Kingdom","K02000001",2491,NA,196,117835,343783
"37","2021-04-13","United Kingdom","K02000001",2472,NA,181,76123,312685
"38","2021-04-12","United Kingdom","K02000001",3568,NA,205,59905,201191
"39","2021-04-11","United Kingdom","K02000001",1730,NA,202,69223,189665
"40","2021-04-10","United Kingdom","K02000001",2589,NA,183,111109,475230
"41","2021-04-09","United Kingdom","K02000001",3150,NA,204,106878,450136
"42","2021-04-08","United Kingdom","K02000001",3030,NA,206,96242,449269
"43","2021-04-07","United Kingdom","K02000001",2763,NA,234,99530,408396
"44","2021-04-06","United Kingdom","K02000001",2379,NA,222,85227,186793
"45","2021-04-05","United Kingdom","K02000001",2762,NA,234,40744,64590
"46","2021-04-04","United Kingdom","K02000001",2297,NA,197,48055,47708
"47","2021-04-03","United Kingdom","K02000001",3423,NA,222,107886,178913
"48","2021-04-02","United Kingdom","K02000001",3402,NA,237,107420,246631
"49","2021-04-01","United Kingdom","K02000001",4479,NA,234,170818,445416
"50","2021-03-31","United Kingdom","K02000001",4052,NA,269,239434,387574
"51","2021-03-30","United Kingdom","K02000001",4040,NA,256,225917,277682
"52","2021-03-29","United Kingdom","K02000001",4654,NA,250,236809,168230
"53","2021-03-28","United Kingdom","K02000001",3862,NA,272,293548,147594
"54","2021-03-27","United Kingdom","K02000001",4715,NA,270,424301,238861
"55","2021-03-26","United Kingdom","K02000001",6187,NA,298,411305,283654
"56","2021-03-25","United Kingdom","K02000001",6397,NA,338,324942,234382
"57","2021-03-24","United Kingdom","K02000001",5605,NA,348,337665,242642
"58","2021-03-23","United Kingdom","K02000001",5379,NA,367,325650,169155
"59","2021-03-22","United Kingdom","K02000001",5342,NA,360,329897,82300
"60","2021-03-21","United Kingdom","K02000001",5312,NA,357,367006,52612
"61","2021-03-20","United Kingdom","K02000001",5587,NA,364,752308,91977
"62","2021-03-19","United Kingdom","K02000001",4802,NA,381,614930,125725
"63","2021-03-18","United Kingdom","K02000001",6303,NA,449,528260,132016
"64","2021-03-17","United Kingdom","K02000001",5758,NA,446,462246,119609
"65","2021-03-16","United Kingdom","K02000001",5294,NA,440,433320,95799
"66","2021-03-15","United Kingdom","K02000001",5089,NA,500,386685,53366
"67","2021-03-14","United Kingdom","K02000001",4618,NA,425,257010,25371
"68","2021-03-13","United Kingdom","K02000001",5534,NA,461,512108,52155
"69","2021-03-12","United Kingdom","K02000001",6609,NA,480,369578,87676
"70","2021-03-11","United Kingdom","K02000001",6753,NA,550,260809,93563
"71","2021-03-10","United Kingdom","K02000001",5926,NA,567,243887,97162
"72","2021-03-09","United Kingdom","K02000001",5766,NA,579,217301,72922
"73","2021-03-08","United Kingdom","K02000001",4712,NA,576,215273,38788
"74","2021-03-07","United Kingdom","K02000001",5177,NA,536,164143,20241
"75","2021-03-06","United Kingdom","K02000001",6040,NA,637,416834,31562
"76","2021-03-05","United Kingdom","K02000001",5947,NA,599,437463,56772
"77","2021-03-04","United Kingdom","K02000001",6573,NA,703,376244,70206
"78","2021-03-03","United Kingdom","K02000001",6385,NA,714,278956,68450
"79","2021-03-02","United Kingdom","K02000001",6391,NA,834,224996,51314
"80","2021-03-01","United Kingdom","K02000001",5455,NA,821,203168,28282
"81","2021-02-28","United Kingdom","K02000001",6035,NA,769,185900,19684
"82","2021-02-27","United Kingdom","K02000001",7434,NA,741,407503,27322
"83","2021-02-26","United Kingdom","K02000001",8523,NA,862,504493,32773
"84","2021-02-25","United Kingdom","K02000001",9985,NA,968,485720,35319
"85","2021-02-24","United Kingdom","K02000001",9938,NA,1020,448962,31613
"86","2021-02-23","United Kingdom","K02000001",8489,NA,1119,326692,26317
"87","2021-02-22","United Kingdom","K02000001",10641,NA,1119,192341,18463
"88","2021-02-21","United Kingdom","K02000001",9834,NA,1155,141719,9177
"89","2021-02-20","United Kingdom","K02000001",10406,NA,1087,334679,10263
"90","2021-02-19","United Kingdom","K02000001",12027,NA,1271,371906,15294
"91","2021-02-18","United Kingdom","K02000001",12057,NA,1335,452454,15867
"92","2021-02-17","United Kingdom","K02000001",12718,NA,1408,482110,15147
"93","2021-02-16","United Kingdom","K02000001",10625,NA,1492,364865,12412
"94","2021-02-15","United Kingdom","K02000001",9765,NA,1502,275956,6535
"95","2021-02-14","United Kingdom","K02000001",10972,NA,1534,237962,1915
"96","2021-02-13","United Kingdom","K02000001",13308,NA,1426,505362,2846
"97","2021-02-12","United Kingdom","K02000001",15144,NA,1507,544603,4775
"98","2021-02-11","United Kingdom","K02000001",13494,NA,1678,503116,5647
"99","2021-02-10","United Kingdom","K02000001",13013,NA,1725,450810,4894
"100","2021-02-09","United Kingdom","K02000001",12364,NA,1753,411812,3161
"101","2021-02-08","United Kingdom","K02000001",14104,NA,1919,352480,3811
"102","2021-02-07","United Kingdom","K02000001",15845,NA,1849,278988,862
"103","2021-02-06","United Kingdom","K02000001",18262,NA,1891,549808,1662
"104","2021-02-05","United Kingdom","K02000001",19114,NA,2004,494163,4064
"105","2021-02-04","United Kingdom","K02000001",20634,NA,2142,480560,4036
"106","2021-02-03","United Kingdom","K02000001",19202,NA,2358,469016,2995
"107","2021-02-02","United Kingdom","K02000001",16840,NA,2479,374756,2166
"108","2021-02-01","United Kingdom","K02000001",18607,NA,2600,350348,2587
"109","2021-01-31","United Kingdom","K02000001",21088,NA,2402,319038,3156
"110","2021-01-30","United Kingdom","K02000001",23275,NA,2472,598389,10621
"111","2021-01-29","United Kingdom","K02000001",29079,NA,2685,487756,2178
"112","2021-01-28","United Kingdom","K02000001",28680,NA,3041,414419,1769
"113","2021-01-27","United Kingdom","K02000001",25308,NA,3057,312378,2329
"114","2021-01-26","United Kingdom","K02000001",20089,NA,3145,311060,1710
"115","2021-01-25","United Kingdom","K02000001",22195,NA,2930,279757,1968
"116","2021-01-24","United Kingdom","K02000001",30004,NA,3110,220249,818
"117","2021-01-23","United Kingdom","K02000001",33552,NA,3111,491970,1043
"118","2021-01-22","United Kingdom","K02000001",40261,NA,3391,478248,1821
"119","2021-01-21","United Kingdom","K02000001",37892,NA,3632,409855,2760
"120","2021-01-20","United Kingdom","K02000001",38905,NA,4044,363508,3411
"121","2021-01-19","United Kingdom","K02000001",33355,NA,4160,343163,3759
"122","2021-01-18","United Kingdom","K02000001",37535,NA,4062,204076,4565
"123","2021-01-17","United Kingdom","K02000001",38598,NA,3748,190107,2239
"124","2021-01-16","United Kingdom","K02000001",41346,NA,3939,296131,2620
"125","2021-01-15","United Kingdom","K02000001",55761,NA,3675,341317,4208
"126","2021-01-14","United Kingdom","K02000001",48682,NA,4100,316694,5257
"127","2021-01-13","United Kingdom","K02000001",47525,NA,4223,278943,9745
"128","2021-01-12","United Kingdom","K02000001",45533,NA,4576,207661,16065
"129","2021-01-11","United Kingdom","K02000001",46169,NA,4309,145076,20768
"130","2021-01-10","United Kingdom","K02000001",54940,NA,3933,NA,NA
"131","2021-01-09","United Kingdom","K02000001",59937,NA,4126,NA,NA
"132","2021-01-08","United Kingdom","K02000001",68053,NA,3998,NA,NA
"133","2021-01-07","United Kingdom","K02000001",52618,NA,4291,NA,NA
"134","2021-01-06","United Kingdom","K02000001",62322,NA,4393,NA,NA
"135","2021-01-05","United Kingdom","K02000001",60916,NA,4116,NA,NA
"136","2021-01-04","United Kingdom","K02000001",58784,NA,3936,NA,NA
"137","2021-01-03","United Kingdom","K02000001",54990,NA,3648,NA,NA
"138","2021-01-02","United Kingdom","K02000001",57725,NA,3439,NA,NA
"139","2021-01-01","United Kingdom","K02000001",53285,NA,3368,NA,NA
"140","2020-12-31","United Kingdom","K02000001",55892,NA,2915,NA,NA
"141","2020-12-30","United Kingdom","K02000001",50023,NA,3286,NA,NA
"142","2020-12-29","United Kingdom","K02000001",53135,NA,3249,NA,NA
"143","2020-12-28","United Kingdom","K02000001",41385,NA,3131,NA,NA
"144","2020-12-27","United Kingdom","K02000001",30501,NA,2871,NA,NA
"145","2020-12-26","United Kingdom","K02000001",35691,NA,2530,NA,NA
"146","2020-12-25","United Kingdom","K02000001",32725,NA,2182,NA,NA
"147","2020-12-24","United Kingdom","K02000001",39877,NA,2082,NA,NA
"148","2020-12-23","United Kingdom","K02000001",39237,NA,2274,NA,NA
"149","2020-12-22","United Kingdom","K02000001",36804,NA,2479,NA,NA
"150","2020-12-21","United Kingdom","K02000001",33364,NA,2369,NA,NA
"151","2020-12-20","United Kingdom","K02000001",35928,NA,2168,NA,NA
"152","2020-12-19","United Kingdom","K02000001",27052,NA,2044,NA,NA
"153","2020-12-18","United Kingdom","K02000001",28507,NA,1918,NA,NA
"154","2020-12-17","United Kingdom","K02000001",35383,NA,2144,NA,NA
"155","2020-12-16","United Kingdom","K02000001",25161,NA,2079,NA,NA
"156","2020-12-15","United Kingdom","K02000001",18450,NA,1957,NA,NA
"157","2020-12-14","United Kingdom","K02000001",20263,NA,1955,NA,NA
"158","2020-12-13","United Kingdom","K02000001",18447,NA,1753,NA,NA
"159","2020-12-12","United Kingdom","K02000001",21502,NA,1799,NA,NA
"160","2020-12-11","United Kingdom","K02000001",21672,NA,1687,NA,NA
"161","2020-12-10","United Kingdom","K02000001",20964,NA,1751,NA,NA
"162","2020-12-09","United Kingdom","K02000001",16578,NA,1753,NA,NA
"163","2020-12-08","United Kingdom","K02000001",12282,NA,1783,NA,NA
"164","2020-12-07","United Kingdom","K02000001",14718,NA,1660,NA,NA
"165","2020-12-06","United Kingdom","K02000001",17272,NA,1470,NA,NA
"166","2020-12-05","United Kingdom","K02000001",15539,NA,1378,NA,NA
"167","2020-12-04","United Kingdom","K02000001",16298,NA,1433,NA,NA
"168","2020-12-03","United Kingdom","K02000001",14879,NA,1502,NA,NA
"169","2020-12-02","United Kingdom","K02000001",16170,NA,1488,NA,NA
"170","2020-12-01","United Kingdom","K02000001",13430,NA,1491,NA,NA
"171","2020-11-30","United Kingdom","K02000001",12330,NA,1404,NA,NA
"172","2020-11-29","United Kingdom","K02000001",12155,NA,1384,NA,NA
"173","2020-11-28","United Kingdom","K02000001",15871,NA,1220,NA,NA
"174","2020-11-27","United Kingdom","K02000001",16022,NA,1280,NA,NA
"175","2020-11-26","United Kingdom","K02000001",17555,NA,1424,NA,NA
"176","2020-11-25","United Kingdom","K02000001",18213,NA,1613,NA,NA
"177","2020-11-24","United Kingdom","K02000001",11299,NA,1496,NA,NA
"178","2020-11-23","United Kingdom","K02000001",15450,NA,1587,NA,NA
"179","2020-11-22","United Kingdom","K02000001",18662,NA,1488,NA,NA
"180","2020-11-21","United Kingdom","K02000001",19875,NA,1460,NA,NA
"181","2020-11-20","United Kingdom","K02000001",20252,NA,1547,NA,NA
"182","2020-11-19","United Kingdom","K02000001",22915,NA,1685,NA,NA
"183","2020-11-18","United Kingdom","K02000001",19609,NA,1782,NA,NA
"184","2020-11-17","United Kingdom","K02000001",20051,NA,1715,NA,NA
"185","2020-11-16","United Kingdom","K02000001",21363,NA,1768,NA,NA
"186","2020-11-15","United Kingdom","K02000001",24962,NA,1670,NA,NA
"187","2020-11-14","United Kingdom","K02000001",26860,NA,1612,NA,NA
"188","2020-11-13","United Kingdom","K02000001",27301,NA,1648,NA,NA
"189","2020-11-12","United Kingdom","K02000001",33470,NA,1914,NA,NA
"190","2020-11-11","United Kingdom","K02000001",22950,NA,1970,NA,NA
"191","2020-11-10","United Kingdom","K02000001",20412,NA,1847,NA,NA
"192","2020-11-09","United Kingdom","K02000001",21350,NA,1762,NA,NA
"193","2020-11-08","United Kingdom","K02000001",20572,NA,1687,NA,NA
"194","2020-11-07","United Kingdom","K02000001",24957,NA,1555,NA,NA
"195","2020-11-06","United Kingdom","K02000001",23287,NA,1414,NA,NA
"196","2020-11-05","United Kingdom","K02000001",24141,NA,1586,NA,NA
"197","2020-11-04","United Kingdom","K02000001",25177,NA,1677,NA,NA
"198","2020-11-03","United Kingdom","K02000001",20018,NA,1515,NA,NA
"199","2020-11-02","United Kingdom","K02000001",18950,NA,1566,NA,NA
"200","2020-11-01","United Kingdom","K02000001",23254,NA,1487,NA,NA
"201","2020-10-31","United Kingdom","K02000001",21915,NA,1458,NA,NA
"202","2020-10-30","United Kingdom","K02000001",24405,NA,1373,NA,NA
"203","2020-10-29","United Kingdom","K02000001",23065,NA,1584,NA,NA
"204","2020-10-28","United Kingdom","K02000001",24701,NA,1485,NA,NA
"205","2020-10-27","United Kingdom","K02000001",22885,NA,1489,NA,NA
"206","2020-10-26","United Kingdom","K02000001",20890,NA,1532,NA,NA
"207","2020-10-25","United Kingdom","K02000001",19790,NA,1420,NA,NA
"208","2020-10-24","United Kingdom","K02000001",23012,NA,1256,NA,NA
"209","2020-10-23","United Kingdom","K02000001",20530,NA,1290,NA,NA
"210","2020-10-22","United Kingdom","K02000001",21242,NA,1275,NA,NA
"211","2020-10-21","United Kingdom","K02000001",26688,NA,1258,NA,NA
"212","2020-10-20","United Kingdom","K02000001",21331,NA,1187,NA,NA
"213","2020-10-19","United Kingdom","K02000001",18804,NA,1094,NA,NA
"214","2020-10-18","United Kingdom","K02000001",16982,NA,1086,NA,NA
"215","2020-10-17","United Kingdom","K02000001",16171,NA,1025,NA,NA
"216","2020-10-16","United Kingdom","K02000001",15650,NA,911,NA,NA
"217","2020-10-15","United Kingdom","K02000001",18980,NA,1044,NA,NA
"218","2020-10-14","United Kingdom","K02000001",19724,NA,980,NA,NA
"219","2020-10-13","United Kingdom","K02000001",17234,NA,1022,NA,NA
"220","2020-10-12","United Kingdom","K02000001",13972,NA,884,NA,NA
"221","2020-10-11","United Kingdom","K02000001",12872,NA,823,NA,NA
"222","2020-10-10","United Kingdom","K02000001",15166,NA,720,NA,NA
"223","2020-10-09","United Kingdom","K02000001",13864,NA,703,NA,NA
"224","2020-10-08","United Kingdom","K02000001",17540,NA,711,NA,NA
"225","2020-10-07","United Kingdom","K02000001",14162,NA,684,NA,NA
"226","2020-10-06","United Kingdom","K02000001",14542,NA,722,NA,NA
"227","2020-10-05","United Kingdom","K02000001",12594,NA,623,NA,NA
"228","2020-10-04","United Kingdom","K02000001",22961,NA,628,NA,NA
"229","2020-10-03","United Kingdom","K02000001",12872,NA,531,NA,NA
"230","2020-10-02","United Kingdom","K02000001",6968,NA,528,NA,NA
"231","2020-10-01","United Kingdom","K02000001",6914,NA,525,NA,NA
"232","2020-09-30","United Kingdom","K02000001",7108,NA,452,NA,NA
"233","2020-09-29","United Kingdom","K02000001",7143,NA,440,NA,NA
"234","2020-09-28","United Kingdom","K02000001",4044,NA,443,NA,NA
"235","2020-09-27","United Kingdom","K02000001",5693,NA,340,NA,NA
"236","2020-09-26","United Kingdom","K02000001",6042,NA,351,NA,NA
"237","2020-09-25","United Kingdom","K02000001",6874,NA,383,NA,NA
"238","2020-09-24","United Kingdom","K02000001",6634,NA,422,NA,NA
"239","2020-09-23","United Kingdom","K02000001",6178,NA,421,NA,NA
"240","2020-09-22","United Kingdom","K02000001",4926,NA,350,NA,NA
"241","2020-09-21","United Kingdom","K02000001",4368,NA,369,NA,NA
"242","2020-09-20","United Kingdom","K02000001",3899,NA,289,NA,NA
"243","2020-09-19","United Kingdom","K02000001",4422,NA,260,NA,NA
"244","2020-09-18","United Kingdom","K02000001",4322,NA,262,NA,NA
"245","2020-09-17","United Kingdom","K02000001",3395,NA,263,NA,NA
"246","2020-09-16","United Kingdom","K02000001",3991,NA,284,NA,NA
"247","2020-09-15","United Kingdom","K02000001",3105,NA,270,NA,NA
"248","2020-09-14","United Kingdom","K02000001",2621,NA,255,NA,NA
"249","2020-09-13","United Kingdom","K02000001",3330,NA,226,NA,NA
"250","2020-09-12","United Kingdom","K02000001",3497,NA,216,NA,NA
"251","2020-09-11","United Kingdom","K02000001",3539,NA,231,NA,NA
"252","2020-09-10","United Kingdom","K02000001",2919,NA,218,NA,NA
"253","2020-09-09","United Kingdom","K02000001",2659,NA,202,NA,NA
"254","2020-09-08","United Kingdom","K02000001",2460,NA,184,NA,NA
"255","2020-09-07","United Kingdom","K02000001",2948,NA,142,NA,NA
"256","2020-09-06","United Kingdom","K02000001",2988,NA,138,NA,NA
"257","2020-09-05","United Kingdom","K02000001",1813,NA,130,NA,NA
"258","2020-09-04","United Kingdom","K02000001",1940,NA,153,NA,NA
"259","2020-09-03","United Kingdom","K02000001",1735,NA,145,NA,NA
"260","2020-09-02","United Kingdom","K02000001",1508,NA,146,NA,NA
"261","2020-09-01","United Kingdom","K02000001",1295,NA,134,NA,NA
"262","2020-08-31","United Kingdom","K02000001",1406,NA,91,NA,NA
"263","2020-08-30","United Kingdom","K02000001",1715,NA,77,NA,NA
"264","2020-08-29","United Kingdom","K02000001",1108,NA,110,NA,NA
"265","2020-08-28","United Kingdom","K02000001",1276,NA,137,NA,NA
"266","2020-08-27","United Kingdom","K02000001",1522,NA,152,NA,NA
"267","2020-08-26","United Kingdom","K02000001",1048,NA,132,NA,NA
"268","2020-08-25","United Kingdom","K02000001",1184,NA,121,NA,NA
"269","2020-08-24","United Kingdom","K02000001",853,NA,91,NA,NA
"270","2020-08-23","United Kingdom","K02000001",1160,NA,74,NA,NA
"271","2020-08-22","United Kingdom","K02000001",1288,NA,72,NA,NA
"272","2020-08-21","United Kingdom","K02000001",1033,NA,109,NA,NA
"273","2020-08-20","United Kingdom","K02000001",1182,NA,98,NA,NA
"274","2020-08-19","United Kingdom","K02000001",812,NA,115,NA,NA
"275","2020-08-18","United Kingdom","K02000001",1089,NA,130,NA,NA
"276","2020-08-17","United Kingdom","K02000001",713,NA,96,NA,NA
"277","2020-08-16","United Kingdom","K02000001",1040,NA,80,NA,NA
"278","2020-08-15","United Kingdom","K02000001",1077,NA,99,NA,NA
"279","2020-08-14","United Kingdom","K02000001",1441,NA,102,NA,NA
"280","2020-08-13","United Kingdom","K02000001",1129,NA,130,NA,NA
"281","2020-08-12","United Kingdom","K02000001",1009,NA,101,NA,NA
"282","2020-08-11","United Kingdom","K02000001",1148,NA,114,NA,NA
"283","2020-08-10","United Kingdom","K02000001",740,NA,86,NA,NA
"284","2020-08-09","United Kingdom","K02000001",1062,NA,106,NA,NA
"285","2020-08-08","United Kingdom","K02000001",758,NA,141,NA,NA
"286","2020-08-07","United Kingdom","K02000001",871,NA,117,NA,NA
"287","2020-08-06","United Kingdom","K02000001",950,NA,101,NA,NA
"288","2020-08-05","United Kingdom","K02000001",892,NA,140,NA,NA
"289","2020-08-04","United Kingdom","K02000001",670,NA,127,NA,NA
"290","2020-08-03","United Kingdom","K02000001",898,NA,110,NA,NA
"291","2020-08-02","United Kingdom","K02000001",744,NA,93,NA,NA
"292","2020-08-01","United Kingdom","K02000001",761,NA,128,NA,NA
"293","2020-07-31","United Kingdom","K02000001",880,NA,114,NA,NA
"294","2020-07-30","United Kingdom","K02000001",846,NA,132,NA,NA
"295","2020-07-29","United Kingdom","K02000001",763,NA,132,NA,NA
"296","2020-07-28","United Kingdom","K02000001",581,NA,119,NA,NA
"297","2020-07-27","United Kingdom","K02000001",685,NA,130,NA,NA
"298","2020-07-26","United Kingdom","K02000001",745,NA,109,NA,NA
"299","2020-07-25","United Kingdom","K02000001",767,NA,119,NA,NA
"300","2020-07-24","United Kingdom","K02000001",768,NA,158,NA,NA
"301","2020-07-23","United Kingdom","K02000001",769,NA,200,NA,NA
"302","2020-07-22","United Kingdom","K02000001",560,NA,158,NA,NA
"303","2020-07-21","United Kingdom","K02000001",445,NA,126,NA,NA
"304","2020-07-20","United Kingdom","K02000001",557,NA,130,NA,NA
"305","2020-07-19","United Kingdom","K02000001",726,NA,126,NA,NA
"306","2020-07-18","United Kingdom","K02000001",827,NA,105,NA,NA
"307","2020-07-17","United Kingdom","K02000001",687,NA,144,NA,NA
"308","2020-07-16","United Kingdom","K02000001",642,NA,166,NA,NA
"309","2020-07-15","United Kingdom","K02000001",538,NA,166,NA,NA
"310","2020-07-14","United Kingdom","K02000001",398,NA,185,NA,NA
"311","2020-07-13","United Kingdom","K02000001",530,NA,189,NA,NA
"312","2020-07-12","United Kingdom","K02000001",650,NA,114,NA,NA
"313","2020-07-11","United Kingdom","K02000001",820,NA,177,NA,NA
"314","2020-07-10","United Kingdom","K02000001",512,NA,176,NA,NA
"315","2020-07-09","United Kingdom","K02000001",642,NA,213,NA,NA
"316","2020-07-08","United Kingdom","K02000001",630,NA,208,NA,NA
"317","2020-07-07","United Kingdom","K02000001",581,NA,214,NA,NA
"318","2020-07-06","United Kingdom","K02000001",343,NA,204,NA,NA
"319","2020-07-05","United Kingdom","K02000001",516,NA,196,NA,NA
"320","2020-07-04","United Kingdom","K02000001",624,NA,202,NA,NA
"321","2020-07-03","United Kingdom","K02000001",544,NA,214,NA,NA
"322","2020-07-02","United Kingdom","K02000001",576,NA,217,NA,NA
"323","2020-07-01","United Kingdom","K02000001",829,NA,269,NA,NA
"324","2020-06-30","United Kingdom","K02000001",689,NA,295,NA,NA
"325","2020-06-29","United Kingdom","K02000001",815,NA,220,NA,NA
"326","2020-06-28","United Kingdom","K02000001",901,NA,208,NA,NA
"327","2020-06-27","United Kingdom","K02000001",890,NA,287,NA,NA
"328","2020-06-26","United Kingdom","K02000001",1006,NA,340,NA,NA
"329","2020-06-25","United Kingdom","K02000001",1118,NA,324,NA,NA
"330","2020-06-24","United Kingdom","K02000001",653,NA,368,NA,NA
"331","2020-06-23","United Kingdom","K02000001",874,NA,363,NA,NA
"332","2020-06-22","United Kingdom","K02000001",958,NA,394,NA,NA
"333","2020-06-21","United Kingdom","K02000001",1221,NA,288,NA,NA
"334","2020-06-20","United Kingdom","K02000001",1295,NA,257,NA,NA
"335","2020-06-19","United Kingdom","K02000001",1346,NA,336,NA,NA
"336","2020-06-18","United Kingdom","K02000001",1218,NA,403,NA,NA
"337","2020-06-17","United Kingdom","K02000001",1115,NA,432,NA,NA
"338","2020-06-16","United Kingdom","K02000001",1279,NA,455,NA,NA
"339","2020-06-15","United Kingdom","K02000001",1056,NA,440,NA,NA
"340","2020-06-14","United Kingdom","K02000001",1514,NA,364,NA,NA
"341","2020-06-13","United Kingdom","K02000001",1425,NA,385,NA,NA
"342","2020-06-12","United Kingdom","K02000001",1541,NA,392,NA,NA
"343","2020-06-11","United Kingdom","K02000001",1266,NA,446,NA,NA
"344","2020-06-10","United Kingdom","K02000001",1003,NA,512,NA,NA
"345","2020-06-09","United Kingdom","K02000001",1387,NA,492,NA,NA
"346","2020-06-08","United Kingdom","K02000001",1205,NA,412,NA,NA
"347","2020-06-07","United Kingdom","K02000001",1326,NA,408,NA,NA
"348","2020-06-06","United Kingdom","K02000001",1557,NA,406,NA,NA
"349","2020-06-05","United Kingdom","K02000001",1650,NA,475,NA,NA
"350","2020-06-04","United Kingdom","K02000001",1805,NA,565,NA,NA
"351","2020-06-03","United Kingdom","K02000001",1871,NA,633,NA,NA
"352","2020-06-02","United Kingdom","K02000001",1613,NA,668,NA,NA
"353","2020-06-01","United Kingdom","K02000001",1570,NA,604,NA,NA
"354","2020-05-31","United Kingdom","K02000001",1936,NA,528,NA,NA
"355","2020-05-30","United Kingdom","K02000001",2445,NA,568,NA,NA
"356","2020-05-29","United Kingdom","K02000001",2095,NA,614,NA,NA
"357","2020-05-28","United Kingdom","K02000001",1887,NA,702,NA,NA
"358","2020-05-27","United Kingdom","K02000001",2013,NA,712,NA,NA
"359","2020-05-26","United Kingdom","K02000001",2004,NA,698,NA,NA
"360","2020-05-25","United Kingdom","K02000001",1625,NA,602,NA,NA
"361","2020-05-24","United Kingdom","K02000001",2409,NA,587,NA,NA
"362","2020-05-23","United Kingdom","K02000001",2959,NA,643,NA,NA
"363","2020-05-22","United Kingdom","K02000001",3287,NA,739,NA,NA
"364","2020-05-21","United Kingdom","K02000001",2615,NA,841,NA,NA
"365","2020-05-20","United Kingdom","K02000001",2472,NA,851,NA,NA
"366","2020-05-19","United Kingdom","K02000001",2412,NA,881,NA,NA
"367","2020-05-18","United Kingdom","K02000001",2684,NA,848,NA,NA
"368","2020-05-17","United Kingdom","K02000001",3562,NA,792,NA,NA
"369","2020-05-16","United Kingdom","K02000001",3451,NA,813,NA,NA
"370","2020-05-15","United Kingdom","K02000001",3560,NA,871,NA,NA
"371","2020-05-14","United Kingdom","K02000001",3446,NA,909,NA,NA
"372","2020-05-13","United Kingdom","K02000001",3242,NA,966,NA,NA
"373","2020-05-12","United Kingdom","K02000001",3403,NA,983,NA,NA
"374","2020-05-11","United Kingdom","K02000001",3877,NA,1029,NA,NA
"375","2020-05-10","United Kingdom","K02000001",3923,NA,915,NA,NA
"376","2020-05-09","United Kingdom","K02000001",3896,NA,943,NA,NA
"377","2020-05-08","United Kingdom","K02000001",4649,NA,910,NA,NA
"378","2020-05-07","United Kingdom","K02000001",5614,NA,1164,NA,NA
"379","2020-05-06","United Kingdom","K02000001",6111,NA,1206,NA,NA
"380","2020-05-05","United Kingdom","K02000001",4406,NA,1146,NA,NA
"381","2020-05-04","United Kingdom","K02000001",3985,NA,1250,NA,NA
"382","2020-05-03","United Kingdom","K02000001",4339,NA,1188,NA,NA
"383","2020-05-02","United Kingdom","K02000001",4806,NA,1180,NA,NA
"384","2020-05-01","United Kingdom","K02000001",6201,NA,1262,NA,NA
"385","2020-04-30","United Kingdom","K02000001",6032,NA,1443,NA,NA
"386","2020-04-29","United Kingdom","K02000001",4076,NA,1489,NA,NA
"387","2020-04-28","United Kingdom","K02000001",3996,NA,1517,NA,NA
"388","2020-04-27","United Kingdom","K02000001",4310,NA,1538,NA,NA
"389","2020-04-26","United Kingdom","K02000001",4463,NA,1355,NA,NA
"390","2020-04-25","United Kingdom","K02000001",4913,NA,1255,NA,NA
"391","2020-04-24","United Kingdom","K02000001",5386,NA,1525,NA,NA
"392","2020-04-23","United Kingdom","K02000001",4583,NA,1513,NA,NA
"393","2020-04-22","United Kingdom","K02000001",4451,NA,1527,NA,NA
"394","2020-04-21","United Kingdom","K02000001",4301,NA,1713,NA,NA
"395","2020-04-20","United Kingdom","K02000001",4676,NA,1737,NA,NA
"396","2020-04-19","United Kingdom","K02000001",5850,NA,1657,NA,NA
"397","2020-04-18","United Kingdom","K02000001",5526,NA,1629,NA,NA
"398","2020-04-17","United Kingdom","K02000001",5599,NA,1966,NA,NA
"399","2020-04-16","United Kingdom","K02000001",4618,NA,2011,NA,NA
"400","2020-04-15","United Kingdom","K02000001",4605,NA,1880,NA,NA
"401","2020-04-14","United Kingdom","K02000001",5252,NA,2088,NA,NA
"402","2020-04-13","United Kingdom","K02000001",4342,NA,2161,NA,NA
"403","2020-04-12","United Kingdom","K02000001",5288,NA,2066,NA,NA
"404","2020-04-11","United Kingdom","K02000001",5234,NA,2162,NA,NA
"405","2020-04-10","United Kingdom","K02000001",5706,NA,2463,NA,NA
"406","2020-04-09","United Kingdom","K02000001",4675,NA,2628,NA,NA
"407","2020-04-08","United Kingdom","K02000001",5865,NA,2967,NA,NA
"408","2020-04-07","United Kingdom","K02000001",3888,NA,3149,NA,NA
"409","2020-04-06","United Kingdom","K02000001",4143,NA,3046,NA,NA
"410","2020-04-05","United Kingdom","K02000001",6199,NA,2916,NA,NA
"411","2020-04-04","United Kingdom","K02000001",4000,NA,2921,NA,NA
"412","2020-04-03","United Kingdom","K02000001",4672,NA,2930,NA,NA
"413","2020-04-02","United Kingdom","K02000001",4522,NA,3284,NA,NA
"414","2020-04-01","United Kingdom","K02000001",4567,NA,3565,NA,NA
"415","2020-03-31","United Kingdom","K02000001",3250,NA,2832,NA,NA
"416","2020-03-30","United Kingdom","K02000001",2665,NA,3190,NA,NA
"417","2020-03-29","United Kingdom","K02000001",2502,NA,2489,NA,NA
"418","2020-03-28","United Kingdom","K02000001",2556,NA,2191,NA,NA
"419","2020-03-27","United Kingdom","K02000001",2890,NA,2227,NA,NA
"420","2020-03-26","United Kingdom","K02000001",2129,NA,1929,NA,NA
"421","2020-03-25","United Kingdom","K02000001",1452,NA,2085,NA,NA
"422","2020-03-24","United Kingdom","K02000001",1427,NA,1720,NA,NA
"423","2020-03-23","United Kingdom","K02000001",967,NA,1273,NA,NA
"424","2020-03-22","United Kingdom","K02000001",665,NA,NA,NA,NA
"425","2020-03-21","United Kingdom","K02000001",1035,NA,NA,NA,NA
"426","2020-03-20","United Kingdom","K02000001",714,NA,NA,NA,NA
"427","2020-03-19","United Kingdom","K02000001",643,NA,NA,NA,NA
"428","2020-03-18","United Kingdom","K02000001",676,NA,NA,NA,NA
"429","2020-03-17","United Kingdom","K02000001",407,NA,NA,NA,NA
"430","2020-03-16","United Kingdom","K02000001",152,NA,NA,NA,NA
"431","2020-03-15","United Kingdom","K02000001",330,NA,NA,NA,NA
"432","2020-03-14","United Kingdom","K02000001",264,NA,NA,NA,NA
"433","2020-03-13","United Kingdom","K02000001",207,NA,NA,NA,NA
"434","2020-03-12","United Kingdom","K02000001",134,NA,NA,NA,NA
"435","2020-03-11","United Kingdom","K02000001",83,NA,NA,NA,NA
"436","2020-03-10","United Kingdom","K02000001",52,NA,NA,NA,NA
"437","2020-03-09","United Kingdom","K02000001",50,NA,NA,NA,NA
"438","2020-03-08","United Kingdom","K02000001",65,NA,NA,NA,NA
"439","2020-03-07","United Kingdom","K02000001",46,NA,NA,NA,NA
"440","2020-03-06","United Kingdom","K02000001",46,NA,NA,NA,NA
"441","2020-03-05","United Kingdom","K02000001",29,NA,NA,NA,NA
"442","2020-03-04","United Kingdom","K02000001",34,NA,NA,NA,NA
"443","2020-03-03","United Kingdom","K02000001",11,NA,NA,NA,NA
"444","2020-03-02","United Kingdom","K02000001",5,NA,NA,NA,NA
"445","2020-03-01","United Kingdom","K02000001",12,NA,NA,NA,NA
"446","2020-02-29","United Kingdom","K02000001",4,NA,NA,NA,NA
"447","2020-02-28","United Kingdom","K02000001",6,NA,NA,NA,NA
"448","2020-02-27","United Kingdom","K02000001",0,NA,NA,NA,NA
"449","2020-02-26","United Kingdom","K02000001",0,NA,NA,NA,NA
"450","2020-02-25","United Kingdom","K02000001",0,NA,NA,NA,NA
"451","2020-02-24","United Kingdom","K02000001",4,NA,NA,NA,NA
"452","2020-02-23","United Kingdom","K02000001",0,NA,NA,NA,NA
"453","2020-02-22","United Kingdom","K02000001",0,NA,NA,NA,NA
"454","2020-02-21","United Kingdom","K02000001",0,NA,NA,NA,NA
"455","2020-02-20","United Kingdom","K02000001",0,NA,NA,NA,NA
"456","2020-02-19","United Kingdom","K02000001",0,NA,NA,NA,NA
"457","2020-02-18","United Kingdom","K02000001",0,NA,NA,NA,NA
"458","2020-02-17","United Kingdom","K02000001",0,NA,NA,NA,NA
"459","2020-02-16","United Kingdom","K02000001",0,NA,NA,NA,NA
"460","2020-02-15","United Kingdom","K02000001",0,NA,NA,NA,NA
"461","2020-02-14","United Kingdom","K02000001",0,NA,NA,NA,NA
"462","2020-02-13","United Kingdom","K02000001",1,NA,NA,NA,NA
"463","2020-02-12","United Kingdom","K02000001",0,NA,NA,NA,NA
"464","2020-02-11","United Kingdom","K02000001",0,NA,NA,NA,NA
"465","2020-02-10","United Kingdom","K02000001",4,NA,NA,NA,NA
"466","2020-02-09","United Kingdom","K02000001",1,NA,NA,NA,NA
"467","2020-02-08","United Kingdom","K02000001",0,NA,NA,NA,NA
"468","2020-02-07","United Kingdom","K02000001",0,NA,NA,NA,NA
"469","2020-02-06","United Kingdom","K02000001",1,NA,NA,NA,NA
"470","2020-02-05","United Kingdom","K02000001",0,NA,NA,NA,NA
"471","2020-02-04","United Kingdom","K02000001",0,NA,NA,NA,NA
"472","2020-02-03","United Kingdom","K02000001",0,NA,NA,NA,NA
"473","2020-02-02","United Kingdom","K02000001",0,NA,NA,NA,NA
"474","2020-02-01","United Kingdom","K02000001",0,NA,NA,NA,NA
"475","2020-01-31","United Kingdom","K02000001",2,NA,NA,NA,NA
